{"pipeline_file": "benchmark_scripts/10338/pipeline_class2d_0.sh", "total_duration": 46548.98861670494, "steps": [{"name": "relion_refine_mpi", "duration": 46548.92756533623, "_rlnCurrentResolution": 4.859661, "_rlnNrClasses": 100.0, "class_1_occ": 0.003617, "class_2_occ": 0.0, "class_3_occ": 0.007737, "class_4_occ": 0.042995, "class_5_occ": 0.0, "class_6_occ": 0.0, "class_7_occ": 0.0, "class_8_occ": 0.001141, "class_9_occ": 0.016899, "class_10_occ": 0.005734, "class_11_occ": 0.0, "class_12_occ": 0.001836, "class_13_occ": 0.010191, "class_14_occ": 0.0, "class_15_occ": 0.0, "class_16_occ": 0.053616, "class_17_occ": 0.0, "class_18_occ": 0.012809, "class_19_occ": 0.0, "class_20_occ": 0.004005, "class_21_occ": 0.033592, "class_22_occ": 0.021789, "class_23_occ": 0.040636, "class_24_occ": 0.0, "class_25_occ": 0.0, "class_26_occ": 0.020562, "class_27_occ": 0.0, "class_28_occ": 0.0, "class_29_occ": 0.0, "class_30_occ": 0.013341, "class_31_occ": 0.0, "class_32_occ": 0.019972, "class_33_occ": 0.022477, "class_34_occ": 0.0, "class_35_occ": 1.839539e-05, "class_36_occ": 0.030934, "class_37_occ": 0.045854, "class_38_occ": 0.009348, "class_39_occ": 0.001178, "class_40_occ": 0.043342, "class_41_occ": 0.0, "class_42_occ": 0.016982, "class_43_occ": 3.470924e-05, "class_44_occ": 2.669941e-06, "class_45_occ": 0.017829, "class_46_occ": 0.000661972, "class_47_occ": 0.0, "class_48_occ": 1.334971e-06, "class_49_occ": 0.02056, "class_50_occ": 0.008607, "class_51_occ": 0.0, "class_52_occ": 1.629839e-05, "class_53_occ": 0.001186, "class_54_occ": 0.011003, "class_55_occ": 0.044047, "class_56_occ": 0.0, "class_57_occ": 0.030019, "class_58_occ": 0.0, "class_59_occ": 0.0, "class_60_occ": 0.0, "class_61_occ": 0.008847, "class_62_occ": 0.0, "class_63_occ": 0.0, "class_64_occ": 0.038067, "class_65_occ": 0.0, "class_66_occ": 0.010461, "class_67_occ": 0.0, "class_68_occ": 0.022199, "class_69_occ": 0.0, "class_70_occ": 0.02032, "class_71_occ": 0.023846, "class_72_occ": 0.0, "class_73_occ": 0.045634, "class_74_occ": 0.0, "class_75_occ": 0.0, "class_76_occ": 0.019166, "class_77_occ": 0.0, "class_78_occ": 0.008232, "class_79_occ": 0.020922, "class_80_occ": 0.039556, "class_81_occ": 0.015452, "class_82_occ": 0.008626, "class_83_occ": 0.0, "class_84_occ": 0.0, "class_85_occ": 0.014166, "class_86_occ": 0.010922, "class_87_occ": 0.003882, "class_88_occ": 0.010173, "class_89_occ": 0.0, "class_90_occ": 1.334971e-06, "class_91_occ": 0.0, "class_92_occ": 0.008534, "class_93_occ": 0.012699, "class_94_occ": 0.0, "class_95_occ": 0.023186, "class_96_occ": 5.339883e-06, "class_97_occ": 0.010684, "class_98_occ": 8.677299e-05, "class_99_occ": 0.009762, "class_100_occ": 0.0, "num_top": 21}], "RELION_OPT_FLAGS": "--gpu --dont_combine_weights_via_disc --pool 30", "RELION_CMD": "singularity run --nv -B /mnt/beegfs/work/stfc/pearl008/intel-e2e-benchmark/case1 -H /mnt/beegfs/work/stfc/pearl008/intel-e2e-benchmark/case1/data/10338 /mnt/beegfs/work/stfc/pearl008/intel-e2e-benchmark/case1/relion.sif", "RELION_CPUS_PER_TASK": "2", "RELION_OUTPUT_DIR": "/mnt/beegfs/work/stfc/pearl008/intel-e2e-benchmark/case1/runs/pearl/job_28449", "RELION_PROJ_DIR": "/mnt/beegfs/work/stfc/pearl008/intel-e2e-benchmark/case1/data/10338", "RELION_IMG": "/mnt/beegfs/work/stfc/pearl008/intel-e2e-benchmark/case1/relion.sif"}