{"pipeline_file": "benchmark_scripts/10338/pipeline_class2d_0.sh", "total_duration": 79316.88515138626, "steps": [{"name": "relion_refine_mpi", "duration": 79316.82769322395, "_rlnCurrentResolution": 4.859661, "_rlnNrClasses": 100.0, "class_1_occ": 0.049332, "class_2_occ": 0.002754, "class_3_occ": 0.02117, "class_4_occ": 0.0, "class_5_occ": 0.018357, "class_6_occ": 0.016826, "class_7_occ": 0.0, "class_8_occ": 0.0, "class_9_occ": 0.0, "class_10_occ": 0.0, "class_11_occ": 0.001456, "class_12_occ": 0.016868, "class_13_occ": 0.010572, "class_14_occ": 0.018934, "class_15_occ": 0.033552, "class_16_occ": 0.0, "class_17_occ": 0.0, "class_18_occ": 0.030553, "class_19_occ": 0.00722, "class_20_occ": 0.043201, "class_21_occ": 0.0, "class_22_occ": 0.0, "class_23_occ": 0.0, "class_24_occ": 0.0001162942, "class_25_occ": 0.0, "class_26_occ": 0.0508, "class_27_occ": 0.0, "class_28_occ": 0.0, "class_29_occ": 0.037677, "class_30_occ": 0.0, "class_31_occ": 0.036265, "class_32_occ": 0.0, "class_33_occ": 0.026828, "class_34_occ": 0.004493, "class_35_occ": 0.016007, "class_36_occ": 0.0, "class_37_occ": 0.0, "class_38_occ": 0.010492, "class_39_occ": 0.025243, "class_40_occ": 0.0, "class_41_occ": 0.005886, "class_42_occ": 0.002572, "class_43_occ": 0.007941, "class_44_occ": 0.01348, "class_45_occ": 0.016374, "class_46_occ": 0.011986, "class_47_occ": 0.036571, "class_48_occ": 0.0, "class_49_occ": 0.014486, "class_50_occ": 0.0, "class_51_occ": 0.013608, "class_52_occ": 0.00346, "class_53_occ": 0.002861, "class_54_occ": 0.0001003535, "class_55_occ": 0.0, "class_56_occ": 0.0, "class_57_occ": 0.018165, "class_58_occ": 0.0, "class_59_occ": 0.0, "class_60_occ": 5.606769e-05, "class_61_occ": 0.0, "class_62_occ": 0.0, "class_63_occ": 0.013851, "class_64_occ": 0.028751, "class_65_occ": 0.021827, "class_66_occ": 0.0, "class_67_occ": 0.014039, "class_68_occ": 1.334953e-06, "class_69_occ": 0.0, "class_70_occ": 0.038847, "class_71_occ": 0.0, "class_72_occ": 9.611517e-05, "class_73_occ": 0.0, "class_74_occ": 0.023298, "class_75_occ": 0.0, "class_76_occ": 0.0, "class_77_occ": 0.011469, "class_78_occ": 0.0, "class_79_occ": 0.0, "class_80_occ": 0.025217, "class_81_occ": 0.009088, "class_82_occ": 0.0, "class_83_occ": 0.0, "class_84_occ": 0.0, "class_85_occ": 0.006546, "class_86_occ": 8.533378e-05, "class_87_occ": 0.050592, "class_88_occ": 0.0, "class_89_occ": 0.034278, "class_90_occ": 0.0, "class_91_occ": 0.042306, "class_92_occ": 0.0, "class_93_occ": 0.022289, "class_94_occ": 0.01003, "class_95_occ": 0.015659, "class_96_occ": 0.00547, "class_97_occ": 0.0, "class_98_occ": 0.0, "class_99_occ": 0.0, "class_100_occ": 0.0, "num_top": 20}], "RELION_OPT_FLAGS": "--dont_combine_weights_via_disc --pool 23 --j 4", "RELION_CMD": "", "RELION_SCRIPT_NAME": "./benchmark_scripts/10338/pipeline_class2d_0.sh", "RELION_CPU_THREADS_PER_TASK": "4", "RELION_MPI_FLAGS": "", "RELION_IMG": "/home/vol08/scarf688/git/intel-e2e-benchmark/case1/relion.sif", "RELION_PROJ_DIR": "/work3/projects/sciml/scarf688/relion/10338", "RELION_OUTPUT_DIR": "/work3/projects/sciml/scarf688/relion/runs/scarf/job_236372", "RELION_NUM_CPUS": "23", "RELION_CPUS_PER_TASK": "1"}