{"pipeline_file": "benchmark_scripts/10338/pipeline_class2d_0.sh", "total_duration": 24020.776335954666, "steps": [{"name": "relion_refine_mpi", "duration": 24020.710128307343, "_rlnCurrentResolution": 5.030175, "_rlnNrClasses": 100.0, "class_1_occ": 5.339835e-06, "class_2_occ": 0.016968, "class_3_occ": 0.028, "class_4_occ": 0.0, "class_5_occ": 0.037802, "class_6_occ": 0.017625, "class_7_occ": 0.0, "class_8_occ": 0.0, "class_9_occ": 7.208666e-05, "class_10_occ": 0.012948, "class_11_occ": 0.0, "class_12_occ": 0.0, "class_13_occ": 0.01765, "class_14_occ": 0.0, "class_15_occ": 0.0, "class_16_occ": 0.0, "class_17_occ": 0.003171, "class_18_occ": 0.0, "class_19_occ": 1.334959e-06, "class_20_occ": 0.021732, "class_21_occ": 0.023248, "class_22_occ": 0.008511, "class_23_occ": 0.0, "class_24_occ": 0.0, "class_25_occ": 0.018986, "class_26_occ": 0.0, "class_27_occ": 0.029722, "class_28_occ": 0.0, "class_29_occ": 0.030383, "class_30_occ": 0.002896, "class_31_occ": 0.0, "class_32_occ": 1.334828e-06, "class_33_occ": 0.0, "class_34_occ": 0.0, "class_35_occ": 0.0, "class_36_occ": 0.007566, "class_37_occ": 0.0, "class_38_occ": 0.021881, "class_39_occ": 0.005177, "class_40_occ": 0.009675, "class_41_occ": 0.007322, "class_42_occ": 0.030652, "class_43_occ": 0.012689, "class_44_occ": 0.024291, "class_45_occ": 0.010745, "class_46_occ": 0.0, "class_47_occ": 0.008062, "class_48_occ": 0.0, "class_49_occ": 0.011619, "class_50_occ": 0.010077, "class_51_occ": 0.00616, "class_52_occ": 0.0, "class_53_occ": 0.0, "class_54_occ": 0.0, "class_55_occ": 0.012424, "class_56_occ": 0.0005493962, "class_57_occ": 0.0, "class_58_occ": 0.000137499, "class_59_occ": 0.0, "class_60_occ": 0.017676, "class_61_occ": 0.046177, "class_62_occ": 0.0, "class_63_occ": 0.00793, "class_64_occ": 0.034536, "class_65_occ": 0.0, "class_66_occ": 0.0, "class_67_occ": 0.0, "class_68_occ": 0.0, "class_69_occ": 0.039913, "class_70_occ": 0.03484, "class_71_occ": 0.0, "class_72_occ": 0.0, "class_73_occ": 0.0, "class_74_occ": 0.01917, "class_75_occ": 0.0, "class_76_occ": 0.028465, "class_77_occ": 0.012263, "class_78_occ": 0.0, "class_79_occ": 0.0, "class_80_occ": 0.0, "class_81_occ": 0.019228, "class_82_occ": 0.027631, "class_83_occ": 0.034776, "class_84_occ": 0.00315, "class_85_occ": 0.011157, "class_86_occ": 0.0, "class_87_occ": 0.0, "class_88_occ": 0.0, "class_89_occ": 0.046247, "class_90_occ": 0.0, "class_91_occ": 0.008325, "class_92_occ": 0.037592, "class_93_occ": 0.008819, "class_94_occ": 0.027732, "class_95_occ": 0.00501, "class_96_occ": 0.032148, "class_97_occ": 0.002915, "class_98_occ": 0.032508, "class_99_occ": 0.0, "class_100_occ": 0.013039, "num_top": 21}], "RELION_OPT_FLAGS": "--gpu --dont_combine_weights_via_disc --pool 30", "RELION_CMD": "singularity run --nv -B /mnt/beegfs/work/stfc/pearl008/intel-e2e-benchmark/case1 -H /mnt/beegfs/work/stfc/pearl008/intel-e2e-benchmark/case1/data/10338 /mnt/beegfs/work/stfc/pearl008/intel-e2e-benchmark/case1/relion.sif", "RELION_CPUS_PER_TASK": "2", "RELION_OUTPUT_DIR": "/mnt/beegfs/work/stfc/pearl008/intel-e2e-benchmark/case1/runs/pearl/job_28450", "RELION_PROJ_DIR": "/mnt/beegfs/work/stfc/pearl008/intel-e2e-benchmark/case1/data/10338", "RELION_IMG": "/mnt/beegfs/work/stfc/pearl008/intel-e2e-benchmark/case1/relion.sif"}