{"pipeline_file": "benchmark_scripts/10338/pipeline_class2d_0.sh", "total_duration": 18126.81207060814, "steps": [{"name": "relion_refine_mpi", "duration": 18126.46023249626, "_rlnCurrentResolution": 4.859661, "_rlnNrClasses": 100.0, "class_1_occ": 0.0, "class_2_occ": 0.0, "class_3_occ": 0.008988, "class_4_occ": 0.0, "class_5_occ": 0.0, "class_6_occ": 0.0, "class_7_occ": 7.339375e-05, "class_8_occ": 0.0, "class_9_occ": 0.036092, "class_10_occ": 0.019975, "class_11_occ": 0.021685, "class_12_occ": 0.02615, "class_13_occ": 0.0, "class_14_occ": 0.030691, "class_15_occ": 0.0, "class_16_occ": 0.001446, "class_17_occ": 0.021971, "class_18_occ": 0.019821, "class_19_occ": 0.0, "class_20_occ": 0.027015, "class_21_occ": 0.004491, "class_22_occ": 0.005601, "class_23_occ": 0.0, "class_24_occ": 0.014035, "class_25_occ": 0.0, "class_26_occ": 0.0, "class_27_occ": 0.0, "class_28_occ": 0.0, "class_29_occ": 0.015914, "class_30_occ": 0.004124, "class_31_occ": 0.004672, "class_32_occ": 0.011659, "class_33_occ": 0.028009, "class_34_occ": 0.0, "class_35_occ": 0.040089, "class_36_occ": 0.020349, "class_37_occ": 0.019528, "class_38_occ": 0.0, "class_39_occ": 0.006791, "class_40_occ": 0.0, "class_41_occ": 0.0, "class_42_occ": 0.0, "class_43_occ": 0.002958, "class_44_occ": 0.017131, "class_45_occ": 0.017329, "class_46_occ": 0.043185, "class_47_occ": 0.0, "class_48_occ": 0.0, "class_49_occ": 0.0, "class_50_occ": 0.013819, "class_51_occ": 0.0, "class_52_occ": 0.0, "class_53_occ": 0.018222, "class_54_occ": 0.051575, "class_55_occ": 0.009711, "class_56_occ": 0.0, "class_57_occ": 0.001337, "class_58_occ": 0.0, "class_59_occ": 0.0, "class_60_occ": 0.010561, "class_61_occ": 0.02853, "class_62_occ": 0.003458, "class_63_occ": 0.003552, "class_64_occ": 0.0, "class_65_occ": 0.021966, "class_66_occ": 0.0, "class_67_occ": 0.0, "class_68_occ": 0.046841, "class_69_occ": 0.027182, "class_70_occ": 0.0, "class_71_occ": 0.0, "class_72_occ": 0.026814, "class_73_occ": 0.004596, "class_74_occ": 0.047371, "class_75_occ": 0.0, "class_76_occ": 0.004877, "class_77_occ": 0.0, "class_78_occ": 0.012761, "class_79_occ": 0.002687, "class_80_occ": 0.0, "class_81_occ": 0.0, "class_82_occ": 0.0, "class_83_occ": 0.005582, "class_84_occ": 0.0, "class_85_occ": 0.0001961235, "class_86_occ": 0.017614, "class_87_occ": 0.024524, "class_88_occ": 0.040662, "class_89_occ": 0.038086, "class_90_occ": 0.015768, "class_91_occ": 0.017916, "class_92_occ": 0.0, "class_93_occ": 5.337677e-06, "class_94_occ": 0.0, "class_95_occ": 0.0, "class_96_occ": 6.007229e-05, "class_97_occ": 0.0, "class_98_occ": 0.020117, "class_99_occ": 0.0, "class_100_occ": 0.013836, "num_top": 21}], "RELION_OPT_FLAGS": "--dont_combine_weights_via_disc --pool 23 --cpu --j 4", "RELION_CMD": "", "RELION_SCRIPT_NAME": "./benchmark_scripts/10338/pipeline_class2d_0.sh", "RELION_CPU_THREADS_PER_TASK": "4", "RELION_MPI_FLAGS": "-n 23", "RELION_PROJ_DIR": "/home/nx07/nx07/sljack92/relion/10338", "RELION_OUTPUT_DIR": "/home/nx07/nx07/sljack92/intel-e2e-benchmark/case1/runs/icx/job_./benchmark_scripts/10338/pipeline_class2d_0.sh", "RELION_NUM_CPUS": "23", "RELION_CPUS_PER_TASK": "1"}