{"pipeline_file": "benchmark_scripts/10338/pipeline_class2d_0.sh", "total_duration": 97768.71654105186, "steps": [{"name": "relion_refine_mpi", "duration": 97768.57264995575, "_rlnCurrentResolution": 4.859661, "_rlnNrClasses": 100.0, "class_1_occ": 0.0, "class_2_occ": 0.0, "class_3_occ": 0.005844, "class_4_occ": 0.0, "class_5_occ": 0.0, "class_6_occ": 0.015216, "class_7_occ": 0.0, "class_8_occ": 0.0, "class_9_occ": 0.022177, "class_10_occ": 0.039988, "class_11_occ": 0.030258, "class_12_occ": 0.00609, "class_13_occ": 0.047533, "class_14_occ": 0.034339, "class_15_occ": 0.040692, "class_16_occ": 0.0, "class_17_occ": 3.871313e-05, "class_18_occ": 0.032112, "class_19_occ": 0.035065, "class_20_occ": 0.008521, "class_21_occ": 0.00269, "class_22_occ": 0.0, "class_23_occ": 0.004177, "class_24_occ": 0.015038, "class_25_occ": 0.00998, "class_26_occ": 0.001504, "class_27_occ": 0.005788, "class_28_occ": 0.0, "class_29_occ": 0.023223, "class_30_occ": 0.0, "class_31_occ": 0.007758, "class_32_occ": 0.018864, "class_33_occ": 0.019583, "class_34_occ": 0.004823, "class_35_occ": 0.0, "class_36_occ": 0.0, "class_37_occ": 0.0, "class_38_occ": 0.004296, "class_39_occ": 0.0, "class_40_occ": 0.014505, "class_41_occ": 0.027242, "class_42_occ": 0.018776, "class_43_occ": 0.0, "class_44_occ": 0.0, "class_45_occ": 0.0, "class_46_occ": 0.0007252957, "class_47_occ": 0.0, "class_48_occ": 0.004985, "class_49_occ": 0.0, "class_50_occ": 0.01476, "class_51_occ": 0.006349, "class_52_occ": 0.001573, "class_53_occ": 0.017604, "class_54_occ": 0.04407, "class_55_occ": 0.039361, "class_56_occ": 0.014586, "class_57_occ": 0.008168, "class_58_occ": 0.0, "class_59_occ": 0.003064, "class_60_occ": 0.0, "class_61_occ": 0.01839, "class_62_occ": 0.002848, "class_63_occ": 0.0, "class_64_occ": 0.0, "class_65_occ": 0.0385, "class_66_occ": 0.0, "class_67_occ": 0.001137, "class_68_occ": 0.0, "class_69_occ": 0.02832, "class_70_occ": 0.0, "class_71_occ": 0.0297, "class_72_occ": 0.036217, "class_73_occ": 0.0, "class_74_occ": 0.0, "class_75_occ": 0.0, "class_76_occ": 0.028971, "class_77_occ": 0.006131, "class_78_occ": 4.003803e-06, "class_79_occ": 0.003281, "class_80_occ": 0.0, "class_81_occ": 0.015692, "class_82_occ": 0.0, "class_83_occ": 0.012018, "class_84_occ": 0.004324, "class_85_occ": 0.0, "class_86_occ": 0.013522, "class_87_occ": 0.0, "class_88_occ": 0.0, "class_89_occ": 0.0, "class_90_occ": 0.017305, "class_91_occ": 0.015194, "class_92_occ": 0.0, "class_93_occ": 0.0, "class_94_occ": 0.0, "class_95_occ": 0.040892, "class_96_occ": 0.017883, "class_97_occ": 0.0, "class_98_occ": 0.0, "class_99_occ": 0.008647, "class_100_occ": 0.009654, "num_top": 18}], "RELION_OPT_FLAGS": "--dont_combine_weights_via_disc --pool 30", "RELION_CMD": "singularity run -B /work3/projects/sciml/scarf688/relion/runs/scarf/job_185805 -B /home/vol08/scarf688/git/intel-e2e-benchmark/case1 -H /work3/projects/sciml/scarf688/relion/10338 /home/vol08/scarf688/git/intel-e2e-benchmark/case1/relion.sif -gpu_disable_check", "RELION_MPI_FLAGS": "--mca opal_warn_on_missing_libcuda 0", "RELION_CPUS_PER_TASK": "2", "RELION_IMG": "/home/vol08/scarf688/git/intel-e2e-benchmark/case1/relion.sif", "RELION_PROJ_DIR": "/work3/projects/sciml/scarf688/relion/10338", "RELION_OUTPUT_DIR": "/work3/projects/sciml/scarf688/relion/runs/scarf/job_185805"}