{"pipeline_file": "benchmark_scripts/10338/pipeline_class2d_0.sh", "total_duration": 6249.9519419670105, "steps": [{"name": "relion_refine_mpi", "duration": 6249.88928937912, "_rlnCurrentResolution": 4.943448, "_rlnNrClasses": 100.0, "class_1_occ": 0.0, "class_2_occ": 0.035616, "class_3_occ": 0.0, "class_4_occ": 0.001926, "class_5_occ": 0.049332, "class_6_occ": 0.00169, "class_7_occ": 0.0, "class_8_occ": 0.0, "class_9_occ": 0.045364, "class_10_occ": 0.049536, "class_11_occ": 0.024295, "class_12_occ": 0.014956, "class_13_occ": 0.0, "class_14_occ": 0.0, "class_15_occ": 0.0, "class_16_occ": 0.0, "class_17_occ": 0.0, "class_18_occ": 0.033176, "class_19_occ": 0.0, "class_20_occ": 0.034472, "class_21_occ": 0.0, "class_22_occ": 0.0, "class_23_occ": 0.017252, "class_24_occ": 0.039369, "class_25_occ": 0.013794, "class_26_occ": 0.0, "class_27_occ": 0.0, "class_28_occ": 0.014074, "class_29_occ": 0.0, "class_30_occ": 0.007992, "class_31_occ": 0.022051, "class_32_occ": 0.0, "class_33_occ": 0.0, "class_34_occ": 0.002652, "class_35_occ": 3.632933e-05, "class_36_occ": 0.01781, "class_37_occ": 0.0, "class_38_occ": 0.0, "class_39_occ": 0.0, "class_40_occ": 0.0, "class_41_occ": 0.0001724662, "class_42_occ": 0.0, "class_43_occ": 0.0, "class_44_occ": 0.001842, "class_45_occ": 0.00595, "class_46_occ": 0.034494, "class_47_occ": 0.0, "class_48_occ": 0.012067, "class_49_occ": 0.0, "class_50_occ": 0.008376, "class_51_occ": 0.022631, "class_52_occ": 0.0, "class_53_occ": 0.033401, "class_54_occ": 0.030106, "class_55_occ": 0.009199, "class_56_occ": 0.0, "class_57_occ": 0.008957, "class_58_occ": 0.0, "class_59_occ": 0.0, "class_60_occ": 0.020499, "class_61_occ": 0.0, "class_62_occ": 0.0004489307, "class_63_occ": 0.0, "class_64_occ": 0.0, "class_65_occ": 0.0, "class_66_occ": 0.037533, "class_67_occ": 0.023325, "class_68_occ": 0.0, "class_69_occ": 0.024422, "class_70_occ": 0.012281, "class_71_occ": 0.0, "class_72_occ": 0.003555, "class_73_occ": 0.031248, "class_74_occ": 0.024914, "class_75_occ": 0.0, "class_76_occ": 0.0, "class_77_occ": 0.038795, "class_78_occ": 0.0, "class_79_occ": 0.0, "class_80_occ": 0.0, "class_81_occ": 0.036628, "class_82_occ": 0.032682, "class_83_occ": 0.024754, "class_84_occ": 9.344765e-06, "class_85_occ": 2.269443e-05, "class_86_occ": 0.0, "class_87_occ": 0.005409, "class_88_occ": 0.005846, "class_89_occ": 0.0, "class_90_occ": 0.0, "class_91_occ": 0.0, "class_92_occ": 0.001338, "class_93_occ": 0.020192, "class_94_occ": 0.01634, "class_95_occ": 0.004563, "class_96_occ": 0.0, "class_97_occ": 0.015314, "class_98_occ": 0.017048, "class_99_occ": 0.010215, "class_100_occ": 3.07013e-05, "num_top": 24}], "RELION_OPT_FLAGS": "--gpu --dont_combine_weights_via_disc --pool 30", "RELION_CMD": "singularity run --nv -B /mnt/beegfs/work/stfc/pearl008/intel-e2e-benchmark/case1 -H /mnt/beegfs/work/stfc/pearl008/intel-e2e-benchmark/case1/data/10338 /mnt/beegfs/work/stfc/pearl008/intel-e2e-benchmark/case1/relion.sif", "RELION_CPUS_PER_TASK": "2", "RELION_OUTPUT_DIR": "/mnt/beegfs/work/stfc/pearl008/intel-e2e-benchmark/case1/runs/pearl/job_28452", "RELION_PROJ_DIR": "/mnt/beegfs/work/stfc/pearl008/intel-e2e-benchmark/case1/data/10338", "RELION_IMG": "/mnt/beegfs/work/stfc/pearl008/intel-e2e-benchmark/case1/relion.sif"}