{"pipeline_file": "benchmark_scripts/10338/pipeline_class2d_0.sh", "total_duration": 48040.33382892609, "steps": [{"name": "relion_refine_mpi", "duration": 48040.249334573746, "_rlnCurrentResolution": 4.859661, "_rlnNrClasses": 100.0, "class_1_occ": 0.0, "class_2_occ": 0.031688, "class_3_occ": 0.0, "class_4_occ": 0.032438, "class_5_occ": 0.021537, "class_6_occ": 0.0, "class_7_occ": 0.0, "class_8_occ": 0.0, "class_9_occ": 0.0, "class_10_occ": 0.02668, "class_11_occ": 0.036628, "class_12_occ": 0.0, "class_13_occ": 0.018779, "class_14_occ": 0.0, "class_15_occ": 0.036444, "class_16_occ": 0.013509, "class_17_occ": 0.013049, "class_18_occ": 0.0, "class_19_occ": 0.0, "class_20_occ": 0.0, "class_21_occ": 0.012314, "class_22_occ": 0.009446, "class_23_occ": 0.002249, "class_24_occ": 0.01681, "class_25_occ": 0.030231, "class_26_occ": 0.014847, "class_27_occ": 0.0, "class_28_occ": 0.0384, "class_29_occ": 0.0, "class_30_occ": 0.011634, "class_31_occ": 0.021895, "class_32_occ": 0.012223, "class_33_occ": 0.007403, "class_34_occ": 0.0, "class_35_occ": 0.0002124769, "class_36_occ": 0.0, "class_37_occ": 0.024161, "class_38_occ": 0.0, "class_39_occ": 0.0, "class_40_occ": 0.013216, "class_41_occ": 0.01624, "class_42_occ": 0.005627, "class_43_occ": 0.0, "class_44_occ": 0.0003339252, "class_45_occ": 0.0, "class_46_occ": 0.029727, "class_47_occ": 0.012101, "class_48_occ": 0.0, "class_49_occ": 5.339862e-06, "class_50_occ": 0.0, "class_51_occ": 0.0, "class_52_occ": 0.0004330587, "class_53_occ": 0.0, "class_54_occ": 0.026821, "class_55_occ": 0.0119, "class_56_occ": 0.010959, "class_57_occ": 0.0, "class_58_occ": 0.0, "class_59_occ": 0.0, "class_60_occ": 0.027126, "class_61_occ": 0.029495, "class_62_occ": 0.037996, "class_63_occ": 0.0, "class_64_occ": 0.01319, "class_65_occ": 0.005711, "class_66_occ": 0.0, "class_67_occ": 0.032362, "class_68_occ": 0.0, "class_69_occ": 9.103343e-05, "class_70_occ": 0.0, "class_71_occ": 0.006321, "class_72_occ": 0.009145, "class_73_occ": 0.015705, "class_74_occ": 0.0, "class_75_occ": 0.018239, "class_76_occ": 0.036971, "class_77_occ": 0.0, "class_78_occ": 0.0, "class_79_occ": 5.568368e-06, "class_80_occ": 0.009464, "class_81_occ": 0.029923, "class_82_occ": 0.0003422792, "class_83_occ": 0.0, "class_84_occ": 0.010765, "class_85_occ": 0.0, "class_86_occ": 0.0, "class_87_occ": 0.0, "class_88_occ": 0.002884, "class_89_occ": 0.0, "class_90_occ": 0.004351, "class_91_occ": 0.037204, "class_92_occ": 0.028637, "class_93_occ": 0.014306, "class_94_occ": 0.036071, "class_95_occ": 0.025728, "class_96_occ": 0.0, "class_97_occ": 0.0, "class_98_occ": 0.0, "class_99_occ": 0.008027, "class_100_occ": 0.0, "num_top": 22}], "RELION_OPT_FLAGS": "--dont_combine_weights_via_disc --pool 30", "RELION_CMD": "singularity run -B /work3/projects/sciml/scarf688/relion/runs/scarf/job_185806 -B /home/vol08/scarf688/git/intel-e2e-benchmark/case1 -H /work3/projects/sciml/scarf688/relion/10338 /home/vol08/scarf688/git/intel-e2e-benchmark/case1/relion.sif -gpu_disable_check", "RELION_MPI_FLAGS": "--mca opal_warn_on_missing_libcuda 0", "RELION_CPUS_PER_TASK": "2", "RELION_IMG": "/home/vol08/scarf688/git/intel-e2e-benchmark/case1/relion.sif", "RELION_PROJ_DIR": "/work3/projects/sciml/scarf688/relion/10338", "RELION_OUTPUT_DIR": "/work3/projects/sciml/scarf688/relion/runs/scarf/job_185806"}