{"pipeline_file": "benchmark_scripts/10338/pipeline_class2d_0.sh", "total_duration": 46009.87894034386, "steps": [{"name": "relion_refine_mpi", "duration": 46009.76948404312, "_rlnCurrentResolution": 4.778667, "_rlnNrClasses": 100.0, "class_1_occ": 0.0, "class_2_occ": 0.0, "class_3_occ": 0.053415, "class_4_occ": 0.0, "class_5_occ": 0.0, "class_6_occ": 0.0, "class_7_occ": 0.020382, "class_8_occ": 0.027391, "class_9_occ": 0.033134, "class_10_occ": 0.0, "class_11_occ": 0.0, "class_12_occ": 0.006738, "class_13_occ": 8.009933e-06, "class_14_occ": 0.011873, "class_15_occ": 0.0, "class_16_occ": 0.014508, "class_17_occ": 0.0, "class_18_occ": 0.003506, "class_19_occ": 0.019346, "class_20_occ": 0.021098, "class_21_occ": 0.038629, "class_22_occ": 0.029582, "class_23_occ": 0.031363, "class_24_occ": 0.022353, "class_25_occ": 0.028159, "class_26_occ": 3.086133e-06, "class_27_occ": 0.011858, "class_28_occ": 0.009612, "class_29_occ": 0.0, "class_30_occ": 0.0, "class_31_occ": 0.0, "class_32_occ": 0.010777, "class_33_occ": 0.023152, "class_34_occ": 0.0, "class_35_occ": 0.0, "class_36_occ": 0.0, "class_37_occ": 6.664324e-05, "class_38_occ": 6.674938e-06, "class_39_occ": 0.017446, "class_40_occ": 0.024004, "class_41_occ": 0.028627, "class_42_occ": 0.0, "class_43_occ": 0.0, "class_44_occ": 0.0, "class_45_occ": 0.008143, "class_46_occ": 0.005645, "class_47_occ": 0.022771, "class_48_occ": 0.006687, "class_49_occ": 0.046997, "class_50_occ": 0.0, "class_51_occ": 0.0, "class_52_occ": 0.007633, "class_53_occ": 0.002537, "class_54_occ": 0.037295, "class_55_occ": 0.0, "class_56_occ": 0.007414, "class_57_occ": 0.032169, "class_58_occ": 0.029847, "class_59_occ": 0.0001495147, "class_60_occ": 0.029738, "class_61_occ": 0.0001281575, "class_62_occ": 0.005566, "class_63_occ": 0.020002, "class_64_occ": 0.0, "class_65_occ": 0.0, "class_66_occ": 0.003492, "class_67_occ": 0.005245, "class_68_occ": 0.0, "class_69_occ": 0.022826, "class_70_occ": 0.005267, "class_71_occ": 0.0002196688, "class_72_occ": 0.01991, "class_73_occ": 0.0, "class_74_occ": 0.00818, "class_75_occ": 0.0, "class_76_occ": 0.005959, "class_77_occ": 0.025567, "class_78_occ": 0.0, "class_79_occ": 0.0, "class_80_occ": 0.0, "class_81_occ": 0.0, "class_82_occ": 0.0, "class_83_occ": 0.011389, "class_84_occ": 0.0, "class_85_occ": 0.032535, "class_86_occ": 0.0, "class_87_occ": 0.0006654836, "class_88_occ": 0.0, "class_89_occ": 0.0, "class_90_occ": 0.010157, "class_91_occ": 0.0, "class_92_occ": 0.0, "class_93_occ": 0.037138, "class_94_occ": 0.0, "class_95_occ": 0.0, "class_96_occ": 0.006047, "class_97_occ": 0.021812, "class_98_occ": 0.0001416275, "class_99_occ": 0.0, "class_100_occ": 0.033689, "num_top": 26}], "RELION_OPT_FLAGS": "--dont_combine_weights_via_disc --pool 23 --j 4", "RELION_CMD": "", "RELION_SCRIPT_NAME": "./benchmark_scripts/10338/pipeline_class2d_0.sh", "RELION_CPU_THREADS_PER_TASK": "4", "RELION_MPI_FLAGS": "-n 23", "RELION_PROJ_DIR": "/home/nx07/nx07/sljack92/relion/10338", "RELION_OUTPUT_DIR": "/home/nx07/nx07/sljack92/intel-e2e-benchmark/case1/runs/clx/job_77902", "RELION_NUM_CPUS": "23", "RELION_CPUS_PER_TASK": "1"}