{"pipeline_file": "benchmark_scripts/10338/pipeline_class2d_0.sh", "total_duration": 11591.92572259903, "steps": [{"name": "relion_refine_mpi", "duration": 11591.862091302872, "_rlnCurrentResolution": 4.859661, "_rlnNrClasses": 100.0, "class_1_occ": 0.0, "class_2_occ": 0.0, "class_3_occ": 0.0, "class_4_occ": 0.01258, "class_5_occ": 0.012726, "class_6_occ": 0.047391, "class_7_occ": 0.004243, "class_8_occ": 0.004457, "class_9_occ": 0.0, "class_10_occ": 0.0004049644, "class_11_occ": 0.0004089127, "class_12_occ": 0.0, "class_13_occ": 0.017026, "class_14_occ": 0.0002206089, "class_15_occ": 0.0, "class_16_occ": 0.010777, "class_17_occ": 0.018196, "class_18_occ": 0.053224, "class_19_occ": 0.041387, "class_20_occ": 0.0, "class_21_occ": 0.0, "class_22_occ": 0.0, "class_23_occ": 0.004084, "class_24_occ": 0.0, "class_25_occ": 0.0, "class_26_occ": 0.009269, "class_27_occ": 0.0, "class_28_occ": 0.0, "class_29_occ": 0.011454, "class_30_occ": 0.003555, "class_31_occ": 0.019313, "class_32_occ": 0.016718, "class_33_occ": 0.041009, "class_34_occ": 0.0, "class_35_occ": 0.003762, "class_36_occ": 0.0, "class_37_occ": 0.0, "class_38_occ": 0.0, "class_39_occ": 0.008212, "class_40_occ": 0.00977, "class_41_occ": 0.0, "class_42_occ": 0.029084, "class_43_occ": 0.028821, "class_44_occ": 0.0, "class_45_occ": 0.042676, "class_46_occ": 0.0, "class_47_occ": 0.001918, "class_48_occ": 0.022419, "class_49_occ": 0.0, "class_50_occ": 0.026522, "class_51_occ": 0.049839, "class_52_occ": 0.0, "class_53_occ": 0.0, "class_54_occ": 0.008041, "class_55_occ": 0.020512, "class_56_occ": 0.0, "class_57_occ": 0.015934, "class_58_occ": 0.0078, "class_59_occ": 0.0, "class_60_occ": 0.0, "class_61_occ": 0.004339, "class_62_occ": 0.0, "class_63_occ": 0.009771, "class_64_occ": 0.036303, "class_65_occ": 0.040181, "class_66_occ": 0.011287, "class_67_occ": 0.005834, "class_68_occ": 0.0, "class_69_occ": 0.0, "class_70_occ": 0.0, "class_71_occ": 5.339534e-06, "class_72_occ": 0.0, "class_73_occ": 0.00272, "class_74_occ": 0.00283, "class_75_occ": 0.0, "class_76_occ": 0.023857, "class_77_occ": 0.0, "class_78_occ": 0.019329, "class_79_occ": 0.0, "class_80_occ": 0.032681, "class_81_occ": 0.010259, "class_82_occ": 0.0004753367, "class_83_occ": 0.010868, "class_84_occ": 4.004902e-06, "class_85_occ": 0.0, "class_86_occ": 0.024742, "class_87_occ": 0.0001521855, "class_88_occ": 0.0, "class_89_occ": 0.0, "class_90_occ": 0.0056, "class_91_occ": 0.011007, "class_92_occ": 0.0, "class_93_occ": 0.008888, "class_94_occ": 0.03271, "class_95_occ": 0.032234, "class_96_occ": 0.0, "class_97_occ": 0.0, "class_98_occ": 0.022161, "class_99_occ": 0.0, "class_100_occ": 0.048005, "num_top": 20}], "RELION_OPT_FLAGS": "--gpu --dont_combine_weights_via_disc --pool 30", "RELION_CMD": "singularity run --nv -B /mnt/beegfs/work/stfc/pearl008/intel-e2e-benchmark/case1 -H /mnt/beegfs/work/stfc/pearl008/intel-e2e-benchmark/case1/data/10338 /mnt/beegfs/work/stfc/pearl008/intel-e2e-benchmark/case1/relion.sif", "RELION_CPUS_PER_TASK": "2", "RELION_OUTPUT_DIR": "/mnt/beegfs/work/stfc/pearl008/intel-e2e-benchmark/case1/runs/pearl/job_28451", "RELION_PROJ_DIR": "/mnt/beegfs/work/stfc/pearl008/intel-e2e-benchmark/case1/data/10338", "RELION_IMG": "/mnt/beegfs/work/stfc/pearl008/intel-e2e-benchmark/case1/relion.sif"}