{"pipeline_file": "benchmark_scripts/10338/pipeline_class2d_0.sh", "total_duration": 3801.543930530548, "steps": [{"name": "relion_refine_mpi", "duration": 3801.4897878170013, "_rlnCurrentResolution": 5.030175, "_rlnNrClasses": 100.0, "class_1_occ": 0.0, "class_2_occ": 0.0, "class_3_occ": 0.0, "class_4_occ": 0.0, "class_5_occ": 0.038547, "class_6_occ": 1.067967e-05, "class_7_occ": 0.0, "class_8_occ": 0.0, "class_9_occ": 0.007684, "class_10_occ": 0.026802, "class_11_occ": 0.0, "class_12_occ": 0.004904, "class_13_occ": 0.013236, "class_14_occ": 0.026668, "class_15_occ": 0.039476, "class_16_occ": 0.0, "class_17_occ": 0.016071, "class_18_occ": 0.011439, "class_19_occ": 0.0, "class_20_occ": 0.0, "class_21_occ": 0.006984, "class_22_occ": 0.0, "class_23_occ": 0.015975, "class_24_occ": 0.0, "class_25_occ": 0.006373, "class_26_occ": 0.0, "class_27_occ": 0.031388, "class_28_occ": 0.002911, "class_29_occ": 2.669193e-06, "class_30_occ": 0.020729, "class_31_occ": 0.040866, "class_32_occ": 0.0, "class_33_occ": 0.0, "class_34_occ": 0.0, "class_35_occ": 0.013941, "class_36_occ": 0.006118, "class_37_occ": 0.0, "class_38_occ": 0.0, "class_39_occ": 0.0, "class_40_occ": 0.016006, "class_41_occ": 0.0, "class_42_occ": 0.033605, "class_43_occ": 0.020583, "class_44_occ": 0.009851, "class_45_occ": 0.033964, "class_46_occ": 0.0, "class_47_occ": 0.031104, "class_48_occ": 0.018581, "class_49_occ": 0.016128, "class_50_occ": 0.031155, "class_51_occ": 0.02914, "class_52_occ": 0.0117, "class_53_occ": 0.012378, "class_54_occ": 0.0, "class_55_occ": 0.011343, "class_56_occ": 0.0, "class_57_occ": 0.0, "class_58_occ": 0.008662, "class_59_occ": 0.005907, "class_60_occ": 0.0, "class_61_occ": 0.003901, "class_62_occ": 0.0, "class_63_occ": 0.009497, "class_64_occ": 0.0, "class_65_occ": 0.017148, "class_66_occ": 0.000316554, "class_67_occ": 0.0, "class_68_occ": 0.002649, "class_69_occ": 0.011823, "class_70_occ": 0.035028, "class_71_occ": 0.0, "class_72_occ": 0.0, "class_73_occ": 0.0, "class_74_occ": 0.0, "class_75_occ": 0.0, "class_76_occ": 0.0, "class_77_occ": 0.025005, "class_78_occ": 0.002745, "class_79_occ": 0.0009235093, "class_80_occ": 0.0, "class_81_occ": 0.022141, "class_82_occ": 0.018383, "class_83_occ": 0.01746, "class_84_occ": 0.019335, "class_85_occ": 0.0, "class_86_occ": 0.0, "class_87_occ": 0.052177, "class_88_occ": 0.022838, "class_89_occ": 0.036769, "class_90_occ": 0.0, "class_91_occ": 3.20387e-05, "class_92_occ": 0.016544, "class_93_occ": 0.0, "class_94_occ": 0.0, "class_95_occ": 0.027513, "class_96_occ": 0.0, "class_97_occ": 0.0, "class_98_occ": 0.025582, "class_99_occ": 0.001137, "class_100_occ": 0.010817, "num_top": 21}], "RELION_OPT_FLAGS": "--gpu --dont_combine_weights_via_disc --pool 30", "RELION_CMD": "singularity run --nv -B /mnt/beegfs/work/stfc/pearl008/intel-e2e-benchmark/case1 -H /mnt/beegfs/work/stfc/pearl008/intel-e2e-benchmark/case1/data/10338 /mnt/beegfs/work/stfc/pearl008/intel-e2e-benchmark/case1/relion.sif", "RELION_CPUS_PER_TASK": "2", "RELION_OUTPUT_DIR": "/mnt/beegfs/work/stfc/pearl008/intel-e2e-benchmark/case1/runs/pearl/job_28453", "RELION_PROJ_DIR": "/mnt/beegfs/work/stfc/pearl008/intel-e2e-benchmark/case1/data/10338", "RELION_IMG": "/mnt/beegfs/work/stfc/pearl008/intel-e2e-benchmark/case1/relion.sif"}