{"pipeline_file": "benchmark_scripts/10338/pipeline_class2d_0.sh", "total_duration": 24460.17197370529, "steps": [{"name": "relion_refine_mpi", "duration": 24460.090238809586, "_rlnCurrentResolution": 4.859661, "_rlnNrClasses": 100.0, "class_1_occ": 0.041223, "class_2_occ": 0.03228, "class_3_occ": 0.049404, "class_4_occ": 0.006298, "class_5_occ": 0.002009, "class_6_occ": 0.0, "class_7_occ": 0.031952, "class_8_occ": 0.014142, "class_9_occ": 0.001062, "class_10_occ": 0.016498, "class_11_occ": 0.0, "class_12_occ": 0.012692, "class_13_occ": 0.033674, "class_14_occ": 0.009132, "class_15_occ": 0.013132, "class_16_occ": 0.043194, "class_17_occ": 0.014764, "class_18_occ": 0.0, "class_19_occ": 0.042975, "class_20_occ": 0.022786, "class_21_occ": 0.0, "class_22_occ": 0.024907, "class_23_occ": 0.00229, "class_24_occ": 0.018265, "class_25_occ": 0.0, "class_26_occ": 0.012017, "class_27_occ": 0.0, "class_28_occ": 0.0, "class_29_occ": 0.0, "class_30_occ": 1.334959e-06, "class_31_occ": 0.025504, "class_32_occ": 0.0001904363, "class_33_occ": 0.04088, "class_34_occ": 0.0, "class_35_occ": 0.018229, "class_36_occ": 0.0, "class_37_occ": 0.0, "class_38_occ": 0.033868, "class_39_occ": 0.018414, "class_40_occ": 0.0, "class_41_occ": 0.0001495148, "class_42_occ": 0.004146, "class_43_occ": 0.0, "class_44_occ": 0.00617, "class_45_occ": 0.000504911, "class_46_occ": 0.011455, "class_47_occ": 0.0, "class_48_occ": 0.0, "class_49_occ": 0.0, "class_50_occ": 0.009531, "class_51_occ": 0.033467, "class_52_occ": 0.0008805895, "class_53_occ": 0.0, "class_54_occ": 0.014152, "class_55_occ": 4.004878e-06, "class_56_occ": 0.0, "class_57_occ": 0.0, "class_58_occ": 0.003561, "class_59_occ": 0.0003364374, "class_60_occ": 0.0, "class_61_occ": 0.0, "class_62_occ": 0.02975, "class_63_occ": 0.003695, "class_64_occ": 0.022356, "class_65_occ": 0.0, "class_66_occ": 0.0, "class_67_occ": 0.002584, "class_68_occ": 0.0, "class_69_occ": 0.0, "class_70_occ": 0.001118, "class_71_occ": 0.0, "class_72_occ": 0.028292, "class_73_occ": 0.0, "class_74_occ": 0.013637, "class_75_occ": 0.019911, "class_76_occ": 0.026082, "class_77_occ": 0.0, "class_78_occ": 0.002128, "class_79_occ": 0.0, "class_80_occ": 0.0, "class_81_occ": 0.0007735081, "class_82_occ": 0.015388, "class_83_occ": 0.013989, "class_84_occ": 0.0, "class_85_occ": 0.025197, "class_86_occ": 0.0, "class_87_occ": 0.026449, "class_88_occ": 0.0, "class_89_occ": 0.0, "class_90_occ": 0.005159, "class_91_occ": 0.018776, "class_92_occ": 0.011118, "class_93_occ": 0.039081, "class_94_occ": 0.0, "class_95_occ": 0.0, "class_96_occ": 0.0, "class_97_occ": 0.001348, "class_98_occ": 0.0, "class_99_occ": 0.027027, "class_100_occ": 0.0, "num_top": 21}], "RELION_OPT_FLAGS": "--dont_combine_weights_via_disc --pool 30", "RELION_CMD": "singularity run -B /work3/projects/sciml/scarf688/relion/runs/scarf/job_185807 -B /home/vol08/scarf688/git/intel-e2e-benchmark/case1 -H /work3/projects/sciml/scarf688/relion/10338 /home/vol08/scarf688/git/intel-e2e-benchmark/case1/relion.sif -gpu_disable_check", "RELION_MPI_FLAGS": "--mca opal_warn_on_missing_libcuda 0", "RELION_CPUS_PER_TASK": "2", "RELION_IMG": "/home/vol08/scarf688/git/intel-e2e-benchmark/case1/relion.sif", "RELION_PROJ_DIR": "/work3/projects/sciml/scarf688/relion/10338", "RELION_OUTPUT_DIR": "/work3/projects/sciml/scarf688/relion/runs/scarf/job_185807"}