{"pipeline_file": "benchmark_scripts/10338/pipeline_class2d_0.sh", "total_duration": 42307.76550865173, "steps": [{"name": "relion_refine_mpi", "duration": 42307.42694020271, "_rlnCurrentResolution": 4.943448, "_rlnNrClasses": 100.0, "class_1_occ": 0.029432, "class_2_occ": 0.0, "class_3_occ": 0.008795, "class_4_occ": 0.0, "class_5_occ": 0.0, "class_6_occ": 0.013885, "class_7_occ": 0.027797, "class_8_occ": 0.0, "class_9_occ": 0.006828, "class_10_occ": 0.0, "class_11_occ": 0.019382, "class_12_occ": 0.009895, "class_13_occ": 1.514191e-08, "class_14_occ": 0.0, "class_15_occ": 0.003344, "class_16_occ": 6.3934e-05, "class_17_occ": 0.007537, "class_18_occ": 0.009382, "class_19_occ": 0.00513, "class_20_occ": 0.019808, "class_21_occ": 0.01439, "class_22_occ": 0.005425, "class_23_occ": 0.041208, "class_24_occ": 0.0, "class_25_occ": 0.0, "class_26_occ": 0.0, "class_27_occ": 0.023675, "class_28_occ": 0.0, "class_29_occ": 0.0, "class_30_occ": 0.010431, "class_31_occ": 0.010879, "class_32_occ": 0.0, "class_33_occ": 0.016428, "class_34_occ": 0.0, "class_35_occ": 0.033947, "class_36_occ": 0.0, "class_37_occ": 0.037673, "class_38_occ": 0.003974, "class_39_occ": 0.0, "class_40_occ": 0.014855, "class_41_occ": 0.029584, "class_42_occ": 0.034021, "class_43_occ": 0.026746, "class_44_occ": 0.0, "class_45_occ": 0.0, "class_46_occ": 0.008646, "class_47_occ": 0.023763, "class_48_occ": 0.01604, "class_49_occ": 0.006112, "class_50_occ": 0.041441, "class_51_occ": 0.009758, "class_52_occ": 0.023812, "class_53_occ": 0.0, "class_54_occ": 0.036296, "class_55_occ": 0.020227, "class_56_occ": 0.022212, "class_57_occ": 0.0, "class_58_occ": 0.014565, "class_59_occ": 0.005357, "class_60_occ": 0.015436, "class_61_occ": 0.0, "class_62_occ": 0.0, "class_63_occ": 0.012239, "class_64_occ": 0.008953, "class_65_occ": 0.031262, "class_66_occ": 0.026952, "class_67_occ": 0.003569, "class_68_occ": 0.005122, "class_69_occ": 0.004566, "class_70_occ": 0.0, "class_71_occ": 0.0, "class_72_occ": 0.011433, "class_73_occ": 0.0, "class_74_occ": 0.0, "class_75_occ": 0.0, "class_76_occ": 0.005791, "class_77_occ": 0.031142, "class_78_occ": 0.0003604411, "class_79_occ": 0.019716, "class_80_occ": 0.0, "class_81_occ": 0.020025, "class_82_occ": 7.890648e-05, "class_83_occ": 0.0, "class_84_occ": 0.016345, "class_85_occ": 0.031286, "class_86_occ": 0.0, "class_87_occ": 0.028741, "class_88_occ": 0.0, "class_89_occ": 0.008837, "class_90_occ": 0.0, "class_91_occ": 0.0, "class_92_occ": 0.0, "class_93_occ": 0.0, "class_94_occ": 4.004829e-06, "class_95_occ": 0.0, "class_96_occ": 0.008723, "class_97_occ": 0.016671, "class_98_occ": 0.0, "class_99_occ": 0.0, "class_100_occ": 0.0, "num_top": 21}], "RELION_OPT_FLAGS": "--dont_combine_weights_via_disc --pool 23 --j 4", "RELION_CMD": "", "RELION_SCRIPT_NAME": "./benchmark_scripts/10338/pipeline_class2d_0.sh", "RELION_CPU_THREADS_PER_TASK": "4", "RELION_MPI_FLAGS": "-n 23", "RELION_PROJ_DIR": "/home/nx07/nx07/sljack92/relion/10338", "RELION_OUTPUT_DIR": "/home/nx07/nx07/sljack92/intel-e2e-benchmark/case1/runs/icx/no-cpu/job_./benchmark_scripts/10338/pipeline_class2d_0.sh", "RELION_NUM_CPUS": "23", "RELION_CPUS_PER_TASK": "1"}