{"pipeline_file": "benchmark_scripts/10338/pipeline_class2d_0.sh", "total_duration": 43481.03748059273, "steps": [{"name": "relion_refine_mpi", "duration": 43480.9785861969, "_rlnCurrentResolution": 4.859661, "_rlnNrClasses": 100.0, "class_1_occ": 0.0, "class_2_occ": 0.018546, "class_3_occ": 0.009854, "class_4_occ": 0.0, "class_5_occ": 0.0, "class_6_occ": 0.033933, "class_7_occ": 0.0, "class_8_occ": 0.0, "class_9_occ": 0.0, "class_10_occ": 0.040473, "class_11_occ": 0.0006312195, "class_12_occ": 0.015583, "class_13_occ": 0.0, "class_14_occ": 0.0, "class_15_occ": 0.017155, "class_16_occ": 0.0, "class_17_occ": 0.0, "class_18_occ": 0.037144, "class_19_occ": 0.010674, "class_20_occ": 0.0, "class_21_occ": 0.018764, "class_22_occ": 0.040461, "class_23_occ": 0.0, "class_24_occ": 0.035375, "class_25_occ": 0.022251, "class_26_occ": 0.034734, "class_27_occ": 0.0, "class_28_occ": 0.0, "class_29_occ": 0.0, "class_30_occ": 0.0, "class_31_occ": 0.0, "class_32_occ": 0.038167, "class_33_occ": 0.006471, "class_34_occ": 0.001267, "class_35_occ": 0.0, "class_36_occ": 0.0, "class_37_occ": 0.0, "class_38_occ": 0.0, "class_39_occ": 1.601992e-05, "class_40_occ": 1.334994e-06, "class_41_occ": 0.0, "class_42_occ": 0.0, "class_43_occ": 0.019607, "class_44_occ": 0.02442, "class_45_occ": 0.014529, "class_46_occ": 0.0, "class_47_occ": 0.022075, "class_48_occ": 0.0, "class_49_occ": 0.0, "class_50_occ": 0.0, "class_51_occ": 0.0, "class_52_occ": 0.012621, "class_53_occ": 0.001024, "class_54_occ": 0.003822, "class_55_occ": 0.0, "class_56_occ": 0.024599, "class_57_occ": 0.0, "class_58_occ": 0.0009770823, "class_59_occ": 0.013212, "class_60_occ": 0.0, "class_61_occ": 0.018934, "class_62_occ": 0.0, "class_63_occ": 0.0, "class_64_occ": 0.009434, "class_65_occ": 0.0, "class_66_occ": 0.0, "class_67_occ": 5.339965e-06, "class_68_occ": 0.009736, "class_69_occ": 0.011364, "class_70_occ": 0.015228, "class_71_occ": 0.0, "class_72_occ": 0.020327, "class_73_occ": 0.0, "class_74_occ": 0.031801, "class_75_occ": 0.032207, "class_76_occ": 0.0008166635, "class_77_occ": 9.722343e-05, "class_78_occ": 0.0, "class_79_occ": 0.001615, "class_80_occ": 0.00189, "class_81_occ": 0.029508, "class_82_occ": 0.0, "class_83_occ": 0.0, "class_84_occ": 0.007731, "class_85_occ": 0.046874, "class_86_occ": 0.020786, "class_87_occ": 0.031846, "class_88_occ": 0.012712, "class_89_occ": 0.044689, "class_90_occ": 0.012235, "class_91_occ": 0.008648, "class_92_occ": 0.0, "class_93_occ": 0.0, "class_94_occ": 0.0, "class_95_occ": 0.022741, "class_96_occ": 0.005514, "class_97_occ": 0.003821, "class_98_occ": 0.049305, "class_99_occ": 0.0, "class_100_occ": 0.031748, "num_top": 22}], "RELION_OPT_FLAGS": "--dont_combine_weights_via_disc --pool 23 --cpu --j 4", "RELION_CMD": "", "RELION_SCRIPT_NAME": "./benchmark_scripts/10338/pipeline_class2d_0.sh", "RELION_CPU_THREADS_PER_TASK": "4", "RELION_MPI_FLAGS": "", "RELION_IMG": "/home/vol08/scarf688/git/intel-e2e-benchmark/case1/relion.sif", "RELION_PROJ_DIR": "/work3/projects/sciml/scarf688/relion/10338", "RELION_OUTPUT_DIR": "/work3/projects/sciml/scarf688/relion/runs/scarf/job_229744", "RELION_NUM_CPUS": "23", "RELION_CPUS_PER_TASK": "1"}